대학,권역,자료학년도,자료집역할,민간자료링크,자료집명,근거등급,최종확인일
감리교신학대,서울권,2028,탐색용 링크,https://drive.google.com/open?id=18BqRXfPELVGskD8JRYHFoUXBjVj4U0Pe&usp=drive_copy,이즈유 2028 대학별 이수 권장 과목 정리 자료집,C-공식원문 탐색용,2026-08-18
강서대,서울권,2028,탐색용 링크,https://drive.google.com/open?id=1VBhlWwUA0I0vfh1e7fG7Lz38JSBF95dB&usp=drive_copy,이즈유 2028 대학별 이수 권장 과목 정리 자료집,C-공식원문 탐색용,2026-08-18
건국대,서울권,2028,탐색용 링크,https://drive.google.com/open?id=1S-D88OddYzuruB2R0Nh1k82rvsMfeqlf&usp=drive_copy,이즈유 2028 대학별 이수 권장 과목 정리 자료집,C-공식원문 탐색용,2026-08-18
경희대,서울권,2028,탐색용 링크,https://drive.google.com/open?id=1b4ah_rbj2IlL3VeXaw9L_gYu9Stjsbk6&usp=drive_copy,이즈유 2028 대학별 이수 권장 과목 정리 자료집,C-공식원문 탐색용,2026-08-18
고려대,서울권,2028,탐색용 링크,https://drive.google.com/open?id=1ytGQ2Jbe6jYE-JAQrkaotRtHEeHkbbJk&usp=drive_copy,이즈유 2028 대학별 이수 권장 과목 정리 자료집,C-공식원문 탐색용,2026-08-18
광운대,서울권,2028,탐색용 링크,https://drive.google.com/open?id=1yxYTaKdaDm4p1Eg6SSL28gFF7tDlqDXS&usp=drive_copy,이즈유 2028 대학별 이수 권장 과목 정리 자료집,C-공식원문 탐색용,2026-08-18
국민대,서울권,2028,탐색용 링크,https://drive.google.com/open?id=17JQnmysDuS7GCWoEJhbM6qfVFDHbV8iI&usp=drive_copy,이즈유 2028 대학별 이수 권장 과목 정리 자료집,C-공식원문 탐색용,2026-08-18
덕성여대,서울권,2028,탐색용 링크,https://drive.google.com/open?id=13Epk6seYHNUyfBriSNA6mID5nhPDTcfh&usp=drive_copy,이즈유 2028 대학별 이수 권장 과목 정리 자료집,C-공식원문 탐색용,2026-08-18
서강대,서울권,2028,탐색용 링크,https://drive.google.com/open?id=13wJrYLyeGLHZzCWpD7HgADcFmgyOZ8pL&usp=drive_copy,이즈유 2028 대학별 이수 권장 과목 정리 자료집,C-공식원문 탐색용,2026-08-18
서울과기대,서울권,2028,탐색용 링크,https://drive.google.com/open?id=1g3FohV22vtiBoQiUQBQwd1CDiIGZLUm-&usp=drive_copy,이즈유 2028 대학별 이수 권장 과목 정리 자료집,C-공식원문 탐색용,2026-08-18
서울대,서울권,2028,탐색용 링크,https://drive.google.com/open?id=11ar7jIKE1MKFOhqlFDAVjVyJgoAn-YxW&usp=drive_copy,이즈유 2028 대학별 이수 권장 과목 정리 자료집,C-공식원문 탐색용,2026-08-18
서울시립대,서울권,2028,탐색용 링크,https://drive.google.com/open?id=1t9HR05flLPBR1CkjfaQY22QwsobYFhiz&usp=drive_copy,이즈유 2028 대학별 이수 권장 과목 정리 자료집,C-공식원문 탐색용,2026-08-18
성균관대,서울권,2028,탐색용 링크,https://drive.google.com/open?id=1zAg4nxL3x9PZETujgBul2K_fPDrxMX5W&usp=drive_copy,이즈유 2028 대학별 이수 권장 과목 정리 자료집,C-공식원문 탐색용,2026-08-18
숙명여대,서울권,2028,탐색용 링크,https://drive.google.com/open?id=1QIDyW0tnGaS5lQJddG7KBkG1mBs1ihTl&usp=drive_copy,이즈유 2028 대학별 이수 권장 과목 정리 자료집,C-공식원문 탐색용,2026-08-18
숭실대,서울권,2028,탐색용 링크,https://drive.google.com/open?id=1RV4_KRQ_N5lhMchfVv1JY177OkOgl6J4&usp=drive_copy,이즈유 2028 대학별 이수 권장 과목 정리 자료집,C-공식원문 탐색용,2026-08-18
중앙대,서울권,2028,탐색용 링크,https://drive.google.com/open?id=1Sq5HCZcf-5RrtXvashEslHs38YtRQGd_&usp=drive_copy,이즈유 2028 대학별 이수 권장 과목 정리 자료집,C-공식원문 탐색용,2026-08-18
한성대,서울권,2028,탐색용 링크,https://drive.google.com/open?id=1PimE9CEXLNJ-eqpzOlgjfwttHXLgpqAI&usp=drive_copy,이즈유 2028 대학별 이수 권장 과목 정리 자료집,C-공식원문 탐색용,2026-08-18
한양대,서울권,2028,탐색용 링크,https://drive.google.com/open?id=15VHgl7r3ftx72GqGzst_qr8cg_vLvXCg&usp=drive_copy,이즈유 2028 대학별 이수 권장 과목 정리 자료집,C-공식원문 탐색용,2026-08-18
한국체육대,서울권,2028,탐색용 링크,https://drive.google.com/open?id=1ivWEwF0LNnSRUAW12SJ23gCqac9eMBqs&usp=drive_copy,이즈유 2028 대학별 이수 권장 과목 정리 자료집,C-공식원문 탐색용,2026-08-18
가톨릭대,경인권,2028,탐색용 링크,https://drive.google.com/open?id=1M2hY2EbOsn0ZDyoPGwTAiZNjmX-LCSoH&usp=drive_copy,이즈유 2028 대학별 이수 권장 과목 정리 자료집,C-공식원문 탐색용,2026-08-18
경기대,경인권,2028,탐색용 링크,https://drive.google.com/open?id=1zZDkQ8ZvXxy_WNqNy9tQJ04YO5vmNU3M&usp=drive_copy,이즈유 2028 대학별 이수 권장 과목 정리 자료집,C-공식원문 탐색용,2026-08-18
단국대,경인권,2028,탐색용 링크,https://drive.google.com/open?id=1BjvD7IoEBxq3M2PAx6HR8Ke0ea5YBicl&usp=drive_copy,이즈유 2028 대학별 이수 권장 과목 정리 자료집,C-공식원문 탐색용,2026-08-18
성결대,경인권,2028,탐색용 링크,https://drive.google.com/open?id=1G-9S6Ei9uaS9WBTSfAIowlgLxPNg9deh&usp=drive_copy,이즈유 2028 대학별 이수 권장 과목 정리 자료집,C-공식원문 탐색용,2026-08-18
수원대,경인권,2028,탐색용 링크,https://drive.google.com/open?id=1GKrDDOqpL0SrslMneIfmGQL2V2hF-mQf&usp=drive_copy,이즈유 2028 대학별 이수 권장 과목 정리 자료집,C-공식원문 탐색용,2026-08-18
아신대,경인권,2028,탐색용 링크,https://drive.google.com/open?id=1XVLv7_94zZ8p6IGPNO-AH15Ko4Hidpdf&usp=drive_copy,이즈유 2028 대학별 이수 권장 과목 정리 자료집,C-공식원문 탐색용,2026-08-18
아주대,경인권,2028,탐색용 링크,https://drive.google.com/open?id=1FsckQLWac-gUqnV818IPD5PEWLPjDWsH&usp=drive_copy,이즈유 2028 대학별 이수 권장 과목 정리 자료집,C-공식원문 탐색용,2026-08-18
인천가톨릭대,경인권,2028,탐색용 링크,https://drive.google.com/open?id=1FVqes48DYehivwha6Z99WrL6eKSQoOcE&usp=drive_copy,이즈유 2028 대학별 이수 권장 과목 정리 자료집,C-공식원문 탐색용,2026-08-18
인하대,경인권,2028,탐색용 링크,https://drive.google.com/open?id=1BFSODr4S3qtei-xyuaXyYzj9Wqjqyy8s&usp=drive_copy,이즈유 2028 대학별 이수 권장 과목 정리 자료집,C-공식원문 탐색용,2026-08-18
한국항공대,경인권,2028,탐색용 링크,https://drive.google.com/open?id=13KzzOuoR3qfxFBo8mi5u7CFHrvqbKB6A&usp=drive_copy,이즈유 2028 대학별 이수 권장 과목 정리 자료집,C-공식원문 탐색용,2026-08-18
협성대,경인권,2028,탐색용 링크,https://drive.google.com/open?id=14UKpWGL_6SIyySl6h-NOww75IgaGTkw-&usp=drive_copy,이즈유 2028 대학별 이수 권장 과목 정리 자료집,C-공식원문 탐색용,2026-08-18
화성의과학대,경인권,2028,탐색용 링크,https://drive.google.com/open?id=1DB8jr28MuAuyaGcOYrFK-FkuZmPeDnNC&usp=drive_copy,이즈유 2028 대학별 이수 권장 과목 정리 자료집,C-공식원문 탐색용,2026-08-18
건국대(글로컬),충청권,2028,탐색용 링크,https://drive.google.com/open?id=15fjKqq-7u5LzrjlX2tBuowVPSEa938yb&usp=drive_copy,이즈유 2028 대학별 이수 권장 과목 정리 자료집,C-공식원문 탐색용,2026-08-18
건양대,충청권,2028,탐색용 링크,https://drive.google.com/open?id=1pKRjRsKztGD0-ztlW8I9dcOMPPecmtG8&usp=drive_copy,이즈유 2028 대학별 이수 권장 과목 정리 자료집,C-공식원문 탐색용,2026-08-18
단국대(천안),충청권,2028,탐색용 링크,https://drive.google.com/open?id=1VsAIbZc5hCoKc91Itbjn7WeLrqKCSoj7&usp=drive_copy,이즈유 2028 대학별 이수 권장 과목 정리 자료집,C-공식원문 탐색용,2026-08-18
대전가톨릭대,충청권,2028,탐색용 링크,https://drive.google.com/open?id=1VsKgVD5rivGwtA5ARUdmuMpn8ft9it3m&usp=drive_copy,이즈유 2028 대학별 이수 권장 과목 정리 자료집,C-공식원문 탐색용,2026-08-18
한국기술교육대,충청권,2028,탐색용 링크,https://drive.google.com/open?id=1oN5PJEDn3p9c-L5lYMNIexlnlcxapNYp&usp=drive_copy,이즈유 2028 대학별 이수 권장 과목 정리 자료집,C-공식원문 탐색용,2026-08-18
한밭대,충청권,2028,탐색용 링크,https://drive.google.com/open?id=1O2GEvPPEcugvGOXLTBODUBHhte8TrQ4Y&usp=drive_copy,이즈유 2028 대학별 이수 권장 과목 정리 자료집,C-공식원문 탐색용,2026-08-18
원광대,전라권,2028,탐색용 링크,https://drive.google.com/open?id=1TODQun8z-fpRcA3iv5mLXzYacJdVTQql&usp=drive_copy,이즈유 2028 대학별 이수 권장 과목 정리 자료집,C-공식원문 탐색용,2026-08-18
광신대,전라권,2028,탐색용 링크,https://drive.google.com/open?id=1yMhyFTALyBRX3yPzk9KFFd4mvnZwVwJd&usp=drive_copy,이즈유 2028 대학별 이수 권장 과목 정리 자료집,C-공식원문 탐색용,2026-08-18
광주대,전라권,2028,탐색용 링크,https://drive.google.com/open?id=14MGCREpSAjOOQgnZHOGE0FvrBEwEI1VZ&usp=drive_copy,이즈유 2028 대학별 이수 권장 과목 정리 자료집,C-공식원문 탐색용,2026-08-18
송원대,전라권,2028,탐색용 링크,https://drive.google.com/open?id=1tKZkCfNNULBTMVIfo4FlAbo2kQ1zE8AC&usp=drive_copy,이즈유 2028 대학별 이수 권장 과목 정리 자료집,C-공식원문 탐색용,2026-08-18
전주대,전라권,2028,탐색용 링크,https://drive.google.com/open?id=1VZU0qe7gvG1XZgNQjoZ31ob4vrNcLJ6k&usp=drive_copy,이즈유 2028 대학별 이수 권장 과목 정리 자료집,C-공식원문 탐색용,2026-08-18
호남대,전라권,2028,탐색용 링크,https://drive.google.com/open?id=1PnBC2WzHWL1hZsiVY40ZmDTGCpCzfqem&usp=drive_copy,이즈유 2028 대학별 이수 권장 과목 정리 자료집,C-공식원문 탐색용,2026-08-18
부산장신대,경상권,2028,탐색용 링크,https://drive.google.com/open?id=1d7RkcQp1uG_fOn7AZvp7yOjlwTsY_gMR&usp=drive_copy,이즈유 2028 대학별 이수 권장 과목 정리 자료집,C-공식원문 탐색용,2026-08-18
가야대,경상권,2028,탐색용 링크,https://drive.google.com/open?id=15pteoSrBlGz98RmSYgHT9FWjKFicEtaO&usp=drive_copy,이즈유 2028 대학별 이수 권장 과목 정리 자료집,C-공식원문 탐색용,2026-08-18
동양대,경상권,2028,탐색용 링크,https://drive.google.com/open?id=1BxO3Po4khGfaUp0h_9iADRTP04uvKgHh&usp=drive_copy,이즈유 2028 대학별 이수 권장 과목 정리 자료집,C-공식원문 탐색용,2026-08-18
경성대,경상권,2028,탐색용 링크,https://drive.google.com/open?id=1zvftpqaqFWo55Kcsg1MSwLQU74goeJk5&usp=drive_copy,이즈유 2028 대학별 이수 권장 과목 정리 자료집,C-공식원문 탐색용,2026-08-18
영남대,경상권,2028,탐색용 링크,https://drive.google.com/open?id=1x_UViN3gWPgceB8sMUPvTN_4ODmM_e6C&usp=drive_copy,이즈유 2028 대학별 이수 권장 과목 정리 자료집,C-공식원문 탐색용,2026-08-18
동명대,경상권,2028,탐색용 링크,https://drive.google.com/open?id=1yRtZ1BK98P1mlldDtNZw-bw5ET7cE1yT&usp=drive_copy,이즈유 2028 대학별 이수 권장 과목 정리 자료집,C-공식원문 탐색용,2026-08-18
위덕대,경상권,2028,탐색용 링크,https://drive.google.com/open?id=1tgR5TZEuBgXDyCi0WYfFBqZsA6Fwcpd3&usp=drive_copy,이즈유 2028 대학별 이수 권장 과목 정리 자료집,C-공식원문 탐색용,2026-08-18
동아대,경상권,2028,탐색용 링크,https://drive.google.com/open?id=1l6targbC5BxJeNtTMI9To3wSV-ACFGYd&usp=drive_copy,이즈유 2028 대학별 이수 권장 과목 정리 자료집,C-공식원문 탐색용,2026-08-18
창신대,경상권,2028,탐색용 링크,https://drive.google.com/open?id=10IawrAba5yXi9yr4TXhu5WJqnkPrK0hW&usp=drive_copy,이즈유 2028 대학별 이수 권장 과목 정리 자료집,C-공식원문 탐색용,2026-08-18
전북대,지거국,2028,탐색용 링크,https://drive.google.com/open?id=14g1rvriySt-1tvbaIr7uktPskwUPjgyi&usp=drive_copy,이즈유 2028 대학별 이수 권장 과목 정리 자료집,C-공식원문 탐색용,2026-08-18
강원대,지거국,2028,탐색용 링크,https://drive.google.com/open?id=1kORGMSDV2twYTCFOAiyrBbC2Dl-BQQ3-&usp=drive_copy,이즈유 2028 대학별 이수 권장 과목 정리 자료집,C-공식원문 탐색용,2026-08-18
광주교대,교대·이공특,2028,탐색용 링크,https://drive.google.com/open?id=1eDlGjIcNrCWCsFH9tvw97ZIL3-U21vsr&usp=drive_copy,이즈유 2028 대학별 이수 권장 과목 정리 자료집,C-공식원문 탐색용,2026-08-18
포항공대,교대·이공특,2028,탐색용 링크,https://drive.google.com/open?id=1UwUgAR5tDrV5mdtBh14AWifaNJ8CECZJ&usp=drive_copy,이즈유 2028 대학별 이수 권장 과목 정리 자료집,C-공식원문 탐색용,2026-08-18
경북대,지거국,2028,탐색용 링크,https://drive.google.com/open?id=1apSmpiFld_88Arn2t46M2nmGhltbEXpX&usp=drive_copy,이즈유 2028 대학별 이수 권장 과목 정리 자료집,C-공식원문 탐색용,2026-08-18
부산대,지거국,2028,탐색용 링크,https://drive.google.com/open?id=1DQzqDAgh6DrGqMscInwybb9bsK893stk&usp=drive_copy,이즈유 2028 대학별 이수 권장 과목 정리 자료집,C-공식원문 탐색용,2026-08-18
전남대,지거국,2028,탐색용 링크,https://drive.google.com/open?id=1CNdqIpbMoE6iHaFv_qSer0CE-Vhv-S48&usp=drive_copy,이즈유 2028 대학별 이수 권장 과목 정리 자료집,C-공식원문 탐색용,2026-08-18
충남대,지거국,2028,탐색용 링크,https://drive.google.com/open?id=1Y2u0UGRjfp7RMqy_C_prxhy9RjJleJ17&usp=drive_copy,이즈유 2028 대학별 이수 권장 과목 정리 자료집,C-공식원문 탐색용,2026-08-18
충북대,지거국,2028,탐색용 링크,https://drive.google.com/open?id=1LylCaPp8QWer6Yb5EBp6cBUu_EJvJ5aR&usp=drive_copy,이즈유 2028 대학별 이수 권장 과목 정리 자료집,C-공식원문 탐색용,2026-08-18
상지대,강원·제주,2028,탐색용 링크,https://drive.google.com/open?id=1BFxdgii7SvYTeXrRd0a8TRsBswvCsxtk&usp=drive_copy,이즈유 2028 대학별 이수 권장 과목 정리 자료집,C-공식원문 탐색용,2026-08-18
핚라대,강원·제주,2028,탐색용 링크,https://drive.google.com/open?id=1AyBcr6V3NN4WI-4VERuKgzDIQPb70Tap&usp=drive_copy,이즈유 2028 대학별 이수 권장 과목 정리 자료집,C-공식원문 탐색용,2026-08-18
제주국제대,강원·제주,2028,탐색용 링크,https://drive.google.com/open?id=1XhtGHpXHwIqHkhtg85dN7j8HMeDP7caR&usp=drive_copy,이즈유 2028 대학별 이수 권장 과목 정리 자료집,C-공식원문 탐색용,2026-08-18
조선대,전라권,2028,자료집 미수록-공식 별도 추적,,,A-대학공식 추적,2026-08-18
경상국립대,지거국,2028,자료집 지거국 목록 외 추가 추적,,,A/B 공식자료 추적,2026-08-18
제주대,지거국,2028,자료집 지거국 목록 외 추가 추적,,,A/B 공식자료 추적,2026-08-18
